﻿<?xml version="1.0" encoding="utf-8"?>
<abapGit version="v1.0.0" serializer="LCL_OBJECT_SIA6" serializer_version="v1.0.0">
 <asx:abap xmlns:asx="http://www.sap.com/abapxml" version="1.0">
  <asx:values>
   <SIA6>
    <MAIN_OBJECT>
     <NAME>ZZADSCONFIG_EXT</NAME>
     <TYPE>SIA6</TYPE>
     <DESCRIPTION>Maintain Custom Developed Form Template</DESCRIPTION>
     <RESPONSIBLE>CB9980000010</RESPONSIBLE>
     <MASTER_LANGUAGE>EN</MASTER_LANGUAGE>
     <MASTER_SYSTEM>X7U</MASTER_SYSTEM>
     <PACKAGE_REF>
      <PACKAGE_NAME>ZZPRINT</PACKAGE_NAME>
     </PACKAGE_REF>
     <ABAP_LANGU_VERSION>5</ABAP_LANGU_VERSION>
    </MAIN_OBJECT>
    <APP_ID>ZZADSCONFIG_EXT</APP_ID>
    <APP_TYPE>EXT</APP_TYPE>
    <ABAP_LANGUAGE_VERSION>5</ABAP_LANGUAGE_VERSION>
    <UI_APP_ID>ZZADSCONFIG_UI5R</UI_APP_ID>
    <SERVICE>
     <item>
      <REL_NAME>ZUI_ZT_PRT_TEMPLATE_O4</REL_NAME>
      <REL_TYPE>G4BA</REL_TYPE>
      <APP_ID>ZZADSCONFIG_EXT</APP_ID>
      <SRVC_NAME>EB84AD72AD296F063E5B2CF34F36C7</SRVC_NAME>
      <SRVC_TYPE>HT</SRVC_TYPE>
      <UIAD_SRC>ZZADSCONFIG_UI5R</UIAD_SRC>
      <TEXT>##GENERATED Printing Template</TEXT>
      <TYPE_TEXT>OData V4</TYPE_TEXT>
     </item>
    </SERVICE>
    <PUBLISH_STATUS>p</PUBLISH_STATUS>
   </SIA6>
  </asx:values>
 </asx:abap>
</abapGit>
